id,businessName,tagline,phone,email,address
1,Safeco Risk Control,Security You Can See. Peace You Can Feel.,+1 718-422-7779,info@safecoriskcontrol.com,"254 36th St c449, Brooklyn, NY 11232, United States"
2,InstallTech. Security Camera Systems. Data&Telecom. INC,Security You Can See. Peace You Can Feel.,+1 917-832-5446,info@installtechsecurityc.com,"37-38 84th St, Jackson Heights, NY 11372, United States"
3,Meta Security Systems & Alarm Services,Security You Can See. Peace You Can Feel.,+1 914-579-9021,info@metasecuritysystemsa.com,New York area
4,Access control and intercom,Control Every Entry. Protect What Matters.,+1 917-671-9798,info@accesscontrolandinte.com,"28 W 44th St Unit 318 B, New York, NY 10036, United States"
5,Mister Access Control,Control Every Entry. Protect What Matters.,+1 332-209-2086,info@misteraccesscontrol.com,New York area
6,Petron Commercial Security Systems,Control Every Entry. Protect What Matters.,+1 917-814-1001,info@petroncommercialsecu.com,"2154 Nostrand Ave a8, Brooklyn, NY 11210, United States"
7,TNS Security System & Access Control Installer,Control Every Entry. Protect What Matters.,+1 201-831-1222,info@tnssecuritysystemacc.com,"21 65th St #1B, West New York, NJ 07093, United States"
8,FRCR CCTV Repair & Install – Security Camera Installation NYC,"Every Angle Covered, Day and Night.",+1 332-223-3321,info@frcrcctvrepairinstal.com,New York area
9,Target Security Systems Experts,"Every Angle Covered, Day and Night.",+1 914-279-5583,info@targetsecuritysystem.com,"289 Halstead Ave #17, Harrison, NY 10528, United States"
10,Commercial Alarm Co,Security You Can See. Peace You Can Feel.,+1 818-746-2338,info@commercialalarmco.com,"7009 Valjean Ave, Van Nuys, CA 91406, United States"
11,Prime Access Control,Control Every Entry. Protect What Matters.,+1 888-377-4630,info@primeaccesscontrol.com,Los Angeles area
12,Sean CCTV installation,"Every Angle Covered, Day and Night.",+1 818-654-4745,info@seancctvinstallation.com,"4407 Camero Ave, Los Angeles, CA 90027, United States"
13,"TON VOLTAGE - CCTV Cameras, Electric","Every Angle Covered, Day and Night.",+1 213-674-7709,info@tonvoltagecctvcamera.com,"7610 Beverly Blvd #48571, Los Angeles, CA 90048, United States"
14,CCTV-HQ,"Every Angle Covered, Day and Night.",+1 310-504-3759,info@cctvhq.com,"3470 Wilshire Blvd #1028, Los Angeles, CA 90010, United States"
15,Advanced Technology Solutions,"Every Angle Covered, Day and Night.",+1 323-658-5005,info@advancedtechnologyso.com,"8306 Wilshire Blvd, Beverly Hills, CA 90211, United States"
16,Multimedia Security Systems Cc,One System. Total Visibility.,+1 818-768-6731,info@multimediasecuritysy.com,"11839 Strathern St, North Hollywood, CA 91605, United States"
17,Premium Security Systems,One System. Total Visibility.,+1 818-364-7932,info@premiumsecuritysyste.com,Los Angeles area
18,Alarmtek Security Systems,One System. Total Visibility.,+1 818-500-9993,info@alarmteksecuritysyst.com,"444 W Milford St APT 2, Glendale, CA 91203, United States"
19,Advance surveillance Management,One System. Total Visibility.,+1 224-616-8504,info@advancesurveillancem.com,"5757 N Lincoln Ave #17, Chicago, IL 60659, United States"
20,Texas Security Systems,Security You Can See. Peace You Can Feel.,+1 281-564-8468,info@texassecuritysystems.com,"6748 S Texas 6, Houston, TX 77083, United States"
21,SKYLER CCTV & LED LIGHT SOLUTION,"Every Angle Covered, Day and Night.",+1 832-416-6166,info@skylercctvledlightso.com,Houston area
22,HTX Surveillance Group,"Every Angle Covered, Day and Night.",+1 832-603-3309,info@htxsurveillancegroup.com,"17350 TX-249 Ste 220 #16611, Houston, TX 77064, United States"
23,arponcctv,"Every Angle Covered, Day and Night.",+1 832-474-7320,info@arponcctv.com,"11675 W Bellfort Ave, Meadows Place, TX 77477, United States"
24,Skynet Security Systems,One System. Total Visibility.,+1 877-759-2288,info@skynetsecuritysystem.com,"2100 W Loop S Suite 800, Houston, TX 77027, United States"
25,Access Control Services,Control Every Entry. Protect What Matters.,+1 972-897-4709,info@accesscontrolservice.com,"6066 N Central Expy #560, Dallas, TX 75206, United States"
26,KPS The Smarter Solutions - Security Camera And CCTV System Installation,Security You Can See. Peace You Can Feel.,+1 866-806-1057,info@kpsthesmartersolutio.com,Atlanta area
27,Commercial Service Atlanta,Control Every Entry. Protect What Matters.,+1 770-284-1929,info@commercialserviceatl.com,"2271 Cascade Rd, Atlanta, GA 30311, United States"
28,Southeastern CCTV LLC,"Every Angle Covered, Day and Night.",+1 770-361-4758,info@southeasterncctvllc.com,Atlanta area
29,IXS Tech LLC. Security Systems Atlanta,"Every Angle Covered, Day and Night.",+1 404-983-0820,info@ixstechllcsecuritysy.com,Atlanta area
30,Smart Security Integrators,One System. Total Visibility.,+1 404-387-2332,info@smartsecurityintegra.com,"11205 Alpharetta Hwy Ste E-2, Roswell, GA 30076, United States"
31,cameras - PTZ - Camera Power Supplies - TamuraLuke security Surveillance,"Every Angle Covered, Day and Night.",+1 206-497-9715,info@camerasptzcamerapowe.com,"3703 S Edmunds St, Seattle, WA 98118, United States"
32,Digital pro cctv and security system.,"Every Angle Covered, Day and Night.",+1 206-945-5414,info@digitalprocctvandsec.com,Washington area
33,Install Security Systems Today LLC,"Every Angle Covered, Day and Night.",+1 971-258-0855,info@installsecuritysyste.com,Washington area
34,Los Cctv Security Camera Company LLC,Security You Can See. Peace You Can Feel.,+1 213-220-4532,info@loscctvsecuritycamer.com,Miami area
35,Miami Speedy Commercial Electricians,Security You Can See. Peace You Can Feel.,+1 305-787-3971,info@miamispeedycommercia.com,"645 NE 167th St #8000, Miami, FL 33162, United States"
36,I See you Security Systems,Security You Can See. Peace You Can Feel.,+1 786-296-5441,info@iseeyousecuritysyste.com,Miami area
37,Dependable Security Systems,Security You Can See. Peace You Can Feel.,+1 305-893-2887,info@dependablesecuritysy.com,"North Miami, FL 33161, United States"
38,"CCTV, Security Camera Installation and Home Automation",Control Every Entry. Protect What Matters.,+1 305-686-1978,info@cctvsecuritycamerain.com,"930 W 41st St, Miami Beach, FL 33140, United States"
39,Security Cameras and Video Surveillance Installer,"Every Angle Covered, Day and Night.",+1 786-447-2828,info@securitycamerasandvi.com,"11462 Quail Roost Dr, Miami, FL 33157, United States"
40,Anpviz Security,"Every Angle Covered, Day and Night.",+1 786-583-5077,info@anpvizsecurity.com,"2802 NW 72nd Ave, Miami, FL 33122, United States"
41,Security Systems Network,One System. Total Visibility.,+1 877-267-2364,info@securitysystemsnetwo.com,"1602 Alton Rd #523, Miami Beach, FL 33139, United States"
42,"IT Systems Integrators, Inc.",One System. Total Visibility.,Not Listed,info@itsystemsintegrators.com,"7270 NW 12th St, Miami, FL 33126, United States"
43,CCTV Systems,Security You Can See. Peace You Can Feel.,+1 267-668-1502,info@cctvsystems.com,Philadelphia area
44,SOTO VIDEO SURVEILLANCE,Security You Can See. Peace You Can Feel.,+1 267-379-6779,info@sotovideosurveillanc.com,Philadelphia area
45,L.B.S.S. Security Systems Inc.,Security You Can See. Peace You Can Feel.,+1 215-520-6224,info@lbsssecuritysystemsi.com,"1818 Chelsea Rd, Elkins Park, PA 19027, United States"
46,Surveillance Camera Systems Installation,Security You Can See. Peace You Can Feel.,+1 856-372-1573,info@surveillancecamerasy.com,Philadelphia area
47,Channell Security Systems Inc.,Security You Can See. Peace You Can Feel.,+1 978-373-0431,info@channellsecuritysyst.com,"15 Academy Ave, Haverhill, MA 01835, United States"
48,"Dependable Security Systems, Inc.",Security You Can See. Peace You Can Feel.,+1 978-968-2777,info@dependablesecuritysy.com,"12 Teal Rd, Wakefield, MA 01880, United States"
49,Alliance Security & Surveillance,"Every Angle Covered, Day and Night.",+1 602-635-4600,info@alliancesecuritysurv.com,"Phoenix, AZ 85029, United States"
50,Commercial Door Locks Seattle,Security You Can See. Peace You Can Feel.,+1 253-214-4682,info@commercialdoorlockss.com,"2822 Martin Luther King Jr Way S, Seattle, WA 98144, United States"
51,Pixel Surveillance System,"Every Angle Covered, Day and Night.",+1 206-334-6090,info@pixelsurveillancesys.com,"695 Strander Blvd, Tukwila, WA 98188, United States"
52,Seattle Surveillance,"Every Angle Covered, Day and Night.",+1 206-528-2582,info@seattlesurveillance.com,"516 3rd Ave W, Seattle, WA 98119, United States"
53,Rigility Surveillance Solutions SF,Security You Can See. Peace You Can Feel.,+1 888-887-5627,info@rigilitysurveillance.com,"1390 Market St, San Francisco, CA 94102, United States"
54,Cloud Security Systems,Security You Can See. Peace You Can Feel.,+1 619-697-9673,info@cloudsecuritysystems.com,"1326 Darby St, Spring Valley, CA 91977, United States"
55,pro-alert security systems,Security You Can See. Peace You Can Feel.,+1 877-292-5378,info@proalertsecuritysyst.com,San Diego area
56,COMPUCCTV ONE CORP,"Every Angle Covered, Day and Night.",+1 619-630-1645,info@compucctvonecorp.com,"9785 Marconi Dr # T, San Diego, CA 92154, United States"
57,Legacy Locksmith & Security Systems Inc,Security You Can See. Peace You Can Feel.,+1 720-415-5715,info@legacylocksmithsecur.com,Denver area
58,Security Systems LLC,Security You Can See. Peace You Can Feel.,+1 720-979-4394,info@securitysystemsllc.com,Denver area
59,"Xtreme Low Voltage - Data/Phone, CCTV, Audio Video,","Every Angle Covered, Day and Night.",+1 304-751-5059,info@xtremelowvoltagedata.com,Denver area
60,Front Range CCTV,"Every Angle Covered, Day and Night.",+1 720-949-4971,info@frontrangecctv.com,"401 Laredo St D, Aurora, CO 80011, United States"
61,Commercial Security Integration,Control Every Entry. Protect What Matters.,+1 512-372-9500,info@commercialsecurityin.com,"2305 Donley Dr Ste 109, Austin, TX 78758, United States"
62,Central Texas Access Control,Control Every Entry. Protect What Matters.,+1 512-260-0566,info@centraltexasaccessco.com,"1810 Oak Grove Rd, Leander, TX 78641, United States"
63,Hull Access Controls,Control Every Entry. Protect What Matters.,+1 512-439-2780,info@hullaccesscontrols.com,"5215 E Cesar Chavez St, Austin, TX 78702, United States"
